Gymarb ES,Torsdag,9:30,11:00,14
Mediaprod 2,Torsdag,8:10,09:20,14
Gymarb ES,Tisdag,12:00,13:25,14
Animation 2,Torsdag,12:00,13:30,14
Digiskap 2,Onsdag,13:30,15:00,13
Animation 1,Tisdag,13:30,14:50,13
Digiskap 2,Torsdag,12:00,13:20,13
Digiskap 2,M�ndag,13:30,14:50,13
Animation 1,Torsdag,14:05,15:25,13
Digiskap 2,Torsdag,15:30,17:00,13
Animation 1,Onsdag,14:55,16:15,13
Animation 1,Torsdag,15:10,16:45,13
Digiskap 2,Fredag,15:20,16:40,13
Animation 1,Fredag,13:25,14:45,13
Animation 1,Torsdag,8:15,09:35,13
Mediaprod 2,M�ndag,8:10,09:40,14
Animation 2,M�ndag,11:55,13:15,14
Animation 2,Torsdag,9:40,11:00,14
Mediaprod 2,Onsdag,9:40,11:00,14
Gymarb ES,Torsdag,13:35,14:55,14
Gymarb ES,Onsdag,8:10,09:30,14
Mediaprod 2,Tisdag,8:10,09:30,14
Animation 2,Fredag,9:40,11:00,14
Digiskap 2,Torsdag,8:10,09:30,13
Mediaprod 2,M�ndag,13:30,14:50,14
Mediaprod 2,Onsdag,8:10,09:30,14
Gymarb ES,Tisdag,12:00,13:20,14
Gymarb ES,Onsdag,9:40,11:00,14
Animation 2,Torsdag,13:40,15:00,14
Animation 2,Fredag,9:40,11:00,14
