Ma1a,Onsdag,8:10,09:35,6
Ma1a,Torsdag,15:20,17:00,6
Ma2c,Onsdag,9:40,11:00,6
Ma1b,Torsdag,12:00,13:20,6
Ma2a,M�ndag,15:00,17:00,6
Ma2a,M�ndag,15:00,17:00,6
Ma2a,Tisdag,14:00,17:00,6
Ma2b,Onsdag,15:30,17:00,6
Ma2b,M�ndag,8:10,09:30,6
Ma2b,Tisdag,8:10,09:30,6
Ma2b,Onsdag,13:25,14:45,6
Ma2b,M�ndag,8:10,09:45,6
Ma2b,Tisdag,8:10,09:40,6
Ma2a,Tisdag,14:10,15:30,6
Ma2c,7,0:00,01:20,
Ma3c,Tisdag,12:00,13:30,6
Ma1a,Fredag,13:35,15:05,6
Ma1a,Torsdag,9:30,11:00,6
Ma3c,M�ndag,9:50,11:00,6
Ma3c,Onsdag,8:10,09:35,6
Ma3c,Onsdag,12:00,13:20,6
Ma3c,Fredag,9:40,11:00,6
Ma1a,Fredag,9:30,11:00,6
Ma4,Onsdag,12:00,13:30,6
Ma4,Torsdag,8:10,09:25,6
Ma4,Fredag,12:00,13:30,6
Ma1b,Onsdag,13:30,14:50,6
Ma4,M�ndag,12:00,13:25,6
Ma4,Fredag,12:00,13:30,6
Teknik 1,Tisdag,13:40,15:00,6
Ma1b,Torsdag,12:00,13:20,6
Ma1b,Tisdag,8:10,09:30,6
Ma1b,Fredag,13:40,15:00,6
Ma1c,M�ndag,13:30,14:50,6
Ma2c,Tisdag,9:35,10:55,6
Ma1b,Onsdag,8:10,09:30,6
Ma1b,Torsdag,8:10,09:30,6
Ma1c,M�ndag,13:30,14:50,6
Ma1c,Onsdag,14:55,16:15,6
Teknik 1,Fredag,12:00,13:20,6
Ma4,M�ndag,9:40,11:00,6
Ma4,Torsdag,13:35,14:55,6
Ma1a,Torsdag,12:00,13:30,6
Ma1c,Fredag,8:10,09:25,6
Ma2c,Fredag,8:10,09:25,6
Ma1c,Torsdag,9:45,11:00,6
Ma2c,M�ndag,13:30,14:55,6
Ma2c,Torsdag,8:10,09:35,6
Ma2c,Fredag,8:10,09:35,6
Ma2c,Onsdag,14:55,16:35,6
Ma1c,Onsdag,14:55,16:15,6
Ma2c,M�ndag,13:25,15:00,6
Teknik 1,Fredag,13:40,15:00,6
Ma3c,Onsdag,12:00,13:20,6
Ma1c,Tisdag,9:40,11:00,6
Ma1c,Tisdag,9:40,11:00,6
