Religion 1,Onsdag,8:10,09:10,16
Eng 7,Tisdag,8:10,09:50,16
Eng 5,Torsdag,9:35,11:00,16
Eng 5,Tisdag,12:00,13:10,16
Eng 5,Onsdag,9:45,11:00,16
Eng 6,Fredag,9:40,11:00,16
Eng 5,Onsdag,12:00,13:20,16
Eng 6,Fredag,12:00,13:20,16
Eng 6,M�ndag,12:00,13:30,16
Eng 6,Onsdag,13:35,14:55,16
Religion 1,M�ndag,12:00,13:00,16
Eng 7,M�ndag,13:40,15:00,16
Eng 6,Fredag,9:40,11:00,16
Idrott 1 - spec,Fredag,8:10,09:35,E-sport
Eng 7,Onsdag,13:25,14:45,16
Eng 6,Tisdag,9:45,11:00,16
Eng 7,Tisdag,8:10,09:30,16
Eng 7,M�ndag,8:10,09:30,16
Eng 7,M�ndag,8:10,09:45,16
Religion 1,Onsdag,9:35,11:00,16
Idrott 1 - spec,Torsdag,15:25,17:00,E-sport
Idrott 1 - spec,Onsdag,8:10,09:35,E-sport
Eng 6,Torsdag,12:00,13:25,16
Eng 5,Fredag,12:00,13:30,16
Eng 5,Onsdag,9:45,11:00,16
Eng 5,Fredag,13:40,15:10,16
Eng 6,Tisdag,12:00,13:20,16
Eng 6,Fredag,8:10,09:30,16
Idrott 1 - spec,M�ndag,8:10,09:35,E-sport
Eng 6,Torsdag,9:40,11:00,16
Eng 6,Torsdag,9:40,11:00,16
Eng 6,Torsdag,8:10,09:30,16
Eng 5,M�ndag,9:40,11:00,16
Religion 1,Fredag,13:55,14:55,16
Eng 5,Fredag,12:00,13:20,16
Eng 5,Fredag,9:40,11:00,16
Eng 5,Onsdag,12:00,13:20,16
Eng 5,M�ndag,9:40,11:00,16
Eng 5,Torsdag,12:00,13:20,16
Eng 5,Onsdag,8:10,09:30,16
Idrott 1 - spec,M�ndag,15:00,16:55,
